{
  "n_test": 100,
  "composite": {
    "mae": 9.69,
    "rmse": 12.21924711264978,
    "r2": -0.17882520132638557
  },
  "per_dimension": {
    "outrage_bait": {
      "accuracy": 0.81,
      "f1": 0.42424242424242425,
      "precision": 0.7,
      "recall": 0.30434782608695654,
      "confusion_matrix": [
        [
          74,
          3
        ],
        [
          16,
          7
        ]
      ],
      "support": 100,
      "positive_rate": 0.23
    },
    "fomo_trigger": {
      "accuracy": 0.85,
      "f1": 0.11764705882352941,
      "precision": 0.16666666666666666,
      "recall": 0.09090909090909091,
      "confusion_matrix": [
        [
          84,
          5
        ],
        [
          10,
          1
        ]
      ],
      "support": 100,
      "positive_rate": 0.11
    },
    "engagement_bait": {
      "accuracy": 0.84,
      "f1": 0.42857142857142855,
      "precision": 0.75,
      "recall": 0.3,
      "confusion_matrix": [
        [
          78,
          2
        ],
        [
          14,
          6
        ]
      ],
      "support": 100,
      "positive_rate": 0.2
    },
    "emotional_manipulation": {
      "accuracy": 0.9,
      "f1": 0.0,
      "precision": 0.0,
      "recall": 0.0,
      "confusion_matrix": [
        [
          90,
          3
        ],
        [
          7,
          0
        ]
      ],
      "support": 100,
      "positive_rate": 0.07
    },
    "curiosity_gap": {
      "accuracy": 0.7,
      "f1": 0.4827586206896552,
      "precision": 0.5,
      "recall": 0.4666666666666667,
      "confusion_matrix": [
        [
          56,
          14
        ],
        [
          16,
          14
        ]
      ],
      "support": 100,
      "positive_rate": 0.3
    },
    "dopamine_design": {
      "accuracy": 0.83,
      "f1": 0.10526315789473684,
      "precision": 0.125,
      "recall": 0.09090909090909091,
      "confusion_matrix": [
        [
          82,
          7
        ],
        [
          10,
          1
        ]
      ],
      "support": 100,
      "positive_rate": 0.11
    }
  },
  "macro_f1": 0.25974711503696235,
  "macro_accuracy": 0.8216666666666667
}